<SCENE>

<!-- Initial values -->
<INITIALS>
    <frustum near="0.1" far="500"/>                 
    <translation x="-1" y="1" z="0" />               
    <rotation axis="x" angle="0" />                
    <rotation axis="y" angle="0" />                
    <rotation axis="z" angle="0" />                
    <scale sx="0.25" sy="0.25" sz="0.25" />         
    <reference length="5" />                        
</INITIALS>

<!-- Illumination and clear colour -->
<ILLUMINATION>
    <ambient r="0.2" g="0.2" b="0.2" a="1" />       
    <background r="0" g="0" b="0" a="1" />          
</ILLUMINATION>

<!-- Lights -->
<LIGHTS>	
	<LIGHT id="light0">                                    
        <enable value ="1" />                   	       
        <position  x="0" y="10" z="0" w="1" />       	   
        <ambient r="0.2" g="0.2" b="0.2" a="1.0" />        	 
        <diffuse r="1.0" g="1.0" b="1.0" a="1.0" />        
        <specular r="1.0" g="1.0" b="1.0" a="1.0" />      
    </LIGHT>
	
	<LIGHT id="light1">                                    
        <enable value ="1" />                   	      
        <position x="30" y="10" z="0" w="1" />       	   
        <ambient r="0.2" g="0.2" b="0.2" a="1.0" />       
        <diffuse r="1.0" g="1.0" b="1.0" a="1.0" />        
        <specular r="1.0" g="1.0" b="1.0" a="1.0" />       
    </LIGHT>
	
	<LIGHT id="light2">                                   
        <enable value ="1" />                   	       
        <position x="0" y="10" z="20" w="1" />       		   
        <ambient r="0.2" g="0.2" b="0.2" a="1.0" />      
        <diffuse r="1.0" g="1.0" b="1.0" a="1.0" />        
        <specular r="1.0" g="1.0" b="1.0" a="1.0" />       
    </LIGHT>

    <LIGHT id="light3">                                   
        <enable value ="1" />                   	       
        <position x="30" y="10" z="20" w="1" />
        <ambient r="0.2" g="0.2" b="0.2" a="1.0" />           	
        <diffuse r="0.6" g="0.6" b="0.6" a="1.0" />       
        <specular r="0.6" g="0.6" b="0.6" a="1.0" />      
    </LIGHT>


     <LIGHT id="light4">                                   
        <enable value ="1" />                   	       
        <position x="16.25" y="0.5" z="12.25" w="1" />    			
        <ambient r="0.2" g="0.2" b="0.2" a="1.0" />           	
        <diffuse r="0.6" g="0.6" b="0.6" a="1.0" />       
        <specular r="0.6" g="0.6" b="0.6" a="1.0" />      
    </LIGHT>
     
    			
    
</LIGHTS>

<!-- Textures -->
<TEXTURES>
	<!-- Tree trunk -->
    <TEXTURE id="trunk">
        <file path="images/trunk-image.jpg" />               
        <amplif_factor s="2" t="2" />                           
    </TEXTURE>

     <!-- Tree leaves -->
    <TEXTURE id="folhas">
        <file path="images/leaves.jpg" />                
        <amplif_factor s="3" t="4" />                           
    </TEXTURE>

    <!-- Rocks -->
    <TEXTURE id="rocks">
        <file path="images/rocks.jpg" />                
        <amplif_factor s="1" t="1" />                           
    </TEXTURE>

    <!-- Glass work -->
    <TEXTURE id="vidral">
        <file path="images/vidral.jpg" />               
        <amplif_factor s="15" t="10" />                           
    </TEXTURE>

    <!-- Street bench -->
    <TEXTURE id="banco">
        <file path="images/bank.jpg" />                
        <amplif_factor s="1" t="1" />                           
    </TEXTURE>
	
	<!-- Grass -->
    <TEXTURE id="grass">
        <file path="images/grass.jpg" />                
        <amplif_factor s="5" t="4" />                           
    </TEXTURE>
	
	<!-- Road -->
    <TEXTURE id="road">
        <file path="images/teste.jpg" />                
        <amplif_factor s="1" t="1" />                           
    </TEXTURE>

    <!-- Iron -->
    <TEXTURE id="iron">
    	<file path="images/iron.jpg" />
    	<amplif_factor s="1" t="1" />
    </TEXTURE>

	<!-- Roof -->
    <TEXTURE id="roof">
    	<file path="images/roof.jpg" />
    	<amplif_factor s="2" t="1" />
    </TEXTURE>

    <!-- Door -->
    <TEXTURE id="door">
    	<file path="images/door.jpg" />
    	<amplif_factor s="1" t="2" />
    </TEXTURE>

    <!-- Brick -->
    <TEXTURE id="brick">
    	<file path="images/brick.jpg" />
    	<amplif_factor s="6" t="2" />
   </TEXTURE>

   <!-- Dark Rocks -->
    <TEXTURE id="dark_rocks">
    	<file path="images/dark_rocks.jpg" />
    	<amplif_factor s="1" t="1" />
   </TEXTURE>

   <!-- Column Rock -->
    <TEXTURE id="column_rock">
    	<file path="images/column_rock.jpg" />
    	<amplif_factor s="1" t="1" />
   </TEXTURE>

   <!-- Candle -->
    <TEXTURE id="candle">
    	<file path="images/candle.jpg" />
    	<amplif_factor s="1" t="1" />
   </TEXTURE>

   <!-- Granite -->
    <TEXTURE id="granite">
    	<file path="images/granite.jpg" />
    	<amplif_factor s="1" t="1" />
   </TEXTURE>

   <!-- Marble -->
    <TEXTURE id="marble">
    	<file path="images/marble.jpg" />
    	<amplif_factor s="1" t="1" />
   </TEXTURE>

	<!-- Pumpkin -->
   <TEXTURE id="pumpkin">
   		<file path="images/pumpkin.jpg" />
    	<amplif_factor s="1" t="1" />
   </TEXTURE>

   <!-- Stick -->
    <TEXTURE id="stick">
   		<file path="images/stick.jpg" />
    	<amplif_factor s="1" t="1" />
   </TEXTURE>

   <!-- Wood -->
    <TEXTURE id="wood">
   		<file path="images/wood.jpg" />
    	<amplif_factor s="1" t="1" />
   </TEXTURE>

   <!-- Mossy Stone -->
    <TEXTURE id="mossy_stone">
   		<file path="images/mossy_stone.jpg" />
    	<amplif_factor s="1" t="1" />
   </TEXTURE>

   <!-- Sky -->
    <TEXTURE id="sky">
   		<file path="images/sky.jpg" />
    	<amplif_factor s="1" t="1" />
   </TEXTURE>

   <!-- Fire -->
   <TEXTURE id="fire">
   		<file path="images/fire.jpg" />
    	<amplif_factor s="1" t="1" />
   </TEXTURE>

    
</TEXTURES>

<MATERIALS>
	<!-- Pyramid material -->
    <MATERIAL id="piramideMaterial">                                  
        <shininess value="1" />
        <specular r="0" g="0" b="0" a="1" />        
        <diffuse r="1.0" g="0.68" b="0.4" a="1" />        
        <ambient r="0.2" g="0.2" b="0.2" a="1" />         
        <emission r="0.0" g="0.0" b="0.0" a="1" />        
    </MATERIAL>
	
	<!-- Tree leaves material -->
	<MATERIAL id="leavesTreeMaterial">                                  
        <shininess value="1" />
        <specular r="0.2" g="0.2" b="0.2" a="1" />        
        <diffuse r="0.0" g="0.207" b="0.0" a="1" />       
        <ambient r="0.1" g="0.1" b="0.1" a="1" />         
        <emission r="0.0" g="0.0" b="0.0" a="1" />        
    </MATERIAL>
	
	<!-- Tree trunk material -->
	<MATERIAL id="trunkTreeMaterial">                                  
        <shininess value="1" />
        <specular r="0.0" g="0.0" b="0.0" a="1" />        
        <diffuse r="0.6" g="0.298" b="0.0" a="1" />      
        <ambient r="0.1" g="0.1" b="0.1" a="1" />         
        <emission r="0.0" g="0.0" b="0.0" a="1" />       
    </MATERIAL>

    <!-- Lamp post material -->
    <MATERIAL id="lightPostMaterial">                                  
        <shininess value="100" />
        <specular r="0.0" g="0.0" b="0.0" a="1" />        
        <diffuse r="0.447" g="0.416" b="0.416" a="1" />       
        <ambient r="0.0" g="0.0" b="0.0" a="1" />         
        <emission r="0.0" g="0.0" b="0.0" a="1" />        
    </MATERIAL>

    <!-- Light bulb material -->
    <MATERIAL id="lightMaterial">                                  
        <shininess value="100" />
        <specular r="0.5" g="0.5" b="0.5" a="1" />       
        <diffuse r="0.5" g="0.5" b="0.5" a="1" />       
        <ambient r="0.0" g="0.0" b="0.0" a="1" />        
        <emission r="0.0" g="0.0" b="0.0" a="1" />        
    </MATERIAL>

    <!-- A default material -->
    <MATERIAL id="defaultMaterial">                                  
        <shininess value="1" />
        <specular r="0.0" g="0.0" b="0.0" a="1" />        
        <diffuse r="0.4" g="0.4" b="0.4" a="1" />       
        <ambient r="0.4" g="0.4" b="0.4" a="1" />         
        <emission r="0.0" g="0.0" b="0.0" a="1" />        
    </MATERIAL>

</MATERIALS>


<!-- The leaves -->
<LEAVES>
</LEAVES>

<NODES>
	<ROOT id="root" />     

    <!-- The root node -->
    <NODE id="root">       
        <MATERIAL id="defaultMaterial" />         
        <TEXTURE id="null" />  

        <DESCENDANTS>
            <NODEREF id="chao" />
			<NODEREF id="crosses" />
			<NODEREF id="roads" />
			<NODEREF id="fences" />
			<NODEREF id="tombstones" />
			<NODEREF id="crypts" />
			<NODEREF id="columns" />
			<NODEREF id="candles" />
			<NODEREF id="walls" />
			<NODEREF id="pumpkins" />
			<NODEREF id="trees" />
			<NODEREF id="backgrounds" />
        </DESCENDANTS>

    </NODE>
	
	<!-- The floor -->
    <NODE id="chao">      
        <MATERIAL id="null" />    
        <TEXTURE id="grass" />       			

        <SCALE sx="8" sy="1" sz="8" />
        <TRANSLATION x="0" y="0" z="4" />
        <ROTATION axis="x" angle="-90" />

        <DESCENDANTS>
			<LEAF  type="rectangle" args="0 4 5 0" />        
		</DESCENDANTS>

    </NODE>
	
	<!-- Roads -->
    <NODE id="roads">      
        <MATERIAL id="null" />    
        <TEXTURE id="marble" />       		

        <DESCENDANTS>
			<NODEREF id="road1" />
			<NODEREF id="road2" />  
			<NODEREF id="road3" />  			
		</DESCENDANTS>

    </NODE>

    <!-- Road 1 -->
    <NODE id="road1">      
        <MATERIAL id="null" />    
        <TEXTURE id="null" />   

        <TRANSLATION x="21.5" y="0" z="10.69" />
        <SCALE sx="1.25" sy="1" sz="4.25" />    		

        <DESCENDANTS>
			<NODEREF id="road" />    			
		</DESCENDANTS>

    </NODE>

    <!-- Road 2 -->
    <NODE id="road2">      
        <MATERIAL id="null" />    
        <TEXTURE id="null" />   

		<TRANSLATION x="21.5" y="0" z="6" />
		<SCALE sx="1" sy="1" sz="1.25" />    		
        <ROTATION axis="y" angle="-90" />  		

        <DESCENDANTS>
			<NODEREF id="road" />    			
		</DESCENDANTS>

    </NODE>

    <!-- Road 3 -->
    <NODE id="road3">      
        <MATERIAL id="null" />    
        <TEXTURE id="null" />   	

		<TRANSLATION x="26.81" y="0" z="6" />
		<SCALE sx="1.25" sy="1" sz="1.25" />   
		<ROTATION axis="y" angle="-90" />  

        <DESCENDANTS>
			<NODEREF id="road_special" />    			
		</DESCENDANTS>

    </NODE>

    <!-- Special Road (connector) -->
    <NODE id="road_special">      
        <MATERIAL id="null" />    
        <TEXTURE id="null" />	

        <DESCENDANTS>
        	<NODEREF id="road_side1" />   
			<NODEREF id="road_side3" />
			<NODEREF id="pavement" />      			
		</DESCENDANTS>

    </NODE>
	
	<!-- Generic road -->
    <NODE id="road">      
        <MATERIAL id="null" />    
        <TEXTURE id="null" />  
		
        <DESCENDANTS>
			<NODEREF id="road_side1" />
			<NODEREF id="road_side2" />
			<NODEREF id="pavement" />     
		</DESCENDANTS>

    </NODE>

	<!-- Road Side 1 -->
    <NODE id="road_side1">      
        <MATERIAL id="null" />    
        <TEXTURE id="null" />  

        <SCALE sx="0.1" sy="0.02" sz="1" />
		
        <DESCENDANTS>
			<NODEREF id="cube" />     
		</DESCENDANTS>

    </NODE>

    <!-- Road Side 2 -->
    <NODE id="road_side2">      
        <MATERIAL id="null" />    
        <TEXTURE id="null" />  

		<TRANSLATION x="3.75" y="0" z="0" />
        <SCALE sx="0.1" sy="0.02" sz="1" />
  
		
        <DESCENDANTS>
			<NODEREF id="cube" />     
		</DESCENDANTS>

    </NODE>

    <!-- Road Side 3 -->
    <NODE id="road_side3">      
        <MATERIAL id="null" />    
        <TEXTURE id="null" />  

		
        <SCALE sx="0.8" sy="0.02" sz="0.1" />
  
		
        <DESCENDANTS>
			<NODEREF id="cube" />     
		</DESCENDANTS>

    </NODE>

    <!-- Pavement -->
    <NODE id="pavement">      
        <MATERIAL id="null" />    
        <TEXTURE id="road" />  

		<TRANSLATION x="0" y="0.01" z="0" />
        <ROTATION axis="x" angle="90" />
		
        <DESCENDANTS>
			<LEAF  type="rectangle" args="4 5 0 0" />      
		</DESCENDANTS>

    </NODE>
	
	<!-- Crosses -->
	<NODE id="crosses">      
        <MATERIAL id="null" />    
        <TEXTURE id="mossy_stone" />       			

        <TRANSLATION x="7" y="0" z="0" />

        <DESCENDANTS>
			<NODEREF id="cross1" />       
			<NODEREF id="cross2" /> 
		</DESCENDANTS>
    </NODE>
	
	<!-- Cross 1 -->
    <NODE id="cross1">       
        <MATERIAL id="null" />    
        <TEXTURE id="null" />       			

		<TRANSLATION x="10" y="-0.5" z="20" />
		<ROTATION axis="z" angle="10" />
		<ROTATION axis="x" angle="90" />
		<TRANSLATION x="0" y="0" z="-4" />
		
        <DESCENDANTS>
            <NODEREF id="cross" />     	    
        </DESCENDANTS>
    </NODE>
	
	<!-- Cross 2 -->
    <NODE id="cross2">       
        <MATERIAL id="null" />    
        <TEXTURE id="null" />       			

		<TRANSLATION x="25" y="-0.5" z="18" />
		<ROTATION axis="z" angle="-10" />
		<ROTATION axis="x" angle="90" />
		<TRANSLATION x="0" y="0" z="-4" />
		
        <DESCENDANTS>
            <NODEREF id="cross" />     	    
        </DESCENDANTS>
    </NODE>
	
	<!-- Generic cross -->
    <NODE id="cross">       
        <MATERIAL id="null" />    
        <TEXTURE id="null" />       			

        <DESCENDANTS>
            <NODEREF id="stick1" />
            <NODEREF id="stick2" />     	    
        </DESCENDANTS>
    </NODE>
	
	<!-- Stick 1 -->
    <NODE id="stick1">       
        <MATERIAL id="null" />    
        <TEXTURE id="null" />       			

		<SCALE sx="0.15" sy="0.15" sz="0.8" />
		
        <DESCENDANTS>
            <NODEREF id="cube" />     	    
        </DESCENDANTS>
    </NODE>
	
	<!-- Stick 2 -->
    <NODE id="stick2">       
        <MATERIAL id="null" />    
        <TEXTURE id="null" />       			
		
		<TRANSLATION x="-0.85" y="0" z="0.75" />
		<SCALE sx="0.5" sy="0.15" sz="0.15" />
		
        <DESCENDANTS>
            <NODEREF id="cube" />     	    
        </DESCENDANTS>
    </NODE>
	
	<!-- Generic cube -->
	<NODE id="cube">       
        <MATERIAL id="null" />    
        <TEXTURE id="null" />       			

        <DESCENDANTS>
            <NODEREF id="cube_face1" />
			<NODEREF id="cube_face2" />  
			<NODEREF id="cube_face3" />
			<NODEREF id="cube_face4" /> 	
			<NODEREF id="cube_face5" />
			<NODEREF id="cube_face6" /> 	
        </DESCENDANTS>
    </NODE>
	
	<!-- A cube face -->
    <NODE id="cube_face1">       
        <MATERIAL id="null" />     
        <TEXTURE id="null" /> 
		
		<TRANSLATION x="0" y="5" z="0" />
		<ROTATION axis="x" angle="-180" />

        <DESCENDANTS>
					<LEAF  type="rectangle" args="0 5 5 0" />        
        </DESCENDANTS>

    </NODE>
	
	<!-- A cube face -->
    <NODE id="cube_face2">       
        <MATERIAL id="null" />     
        <TEXTURE id="null" /> 

		<TRANSLATION x="0" y="0" z="5" />
		
        <DESCENDANTS>
					<LEAF  type="rectangle" args="0 5 5 0" />        
        </DESCENDANTS>
    </NODE>
	
	<!-- A cube face -->
    <NODE id="cube_face3">       
        <MATERIAL id="null" />     
        <TEXTURE id="null" /> 
		
        <ROTATION axis="x" angle="90" />
		
        <DESCENDANTS>
					<LEAF  type="rectangle" args="0 5 5 0" />        
        </DESCENDANTS>
    </NODE>
	
	<!-- A cube face -->
    <NODE id="cube_face4">       
        <MATERIAL id="null" />     
        <TEXTURE id="null" /> 
		
		<TRANSLATION x="0" y="5" z="5" />
        <ROTATION axis="x" angle="-90" />
		
        <DESCENDANTS>
					<LEAF  type="rectangle" args="0 5 5 0" />        
        </DESCENDANTS>
    </NODE>
	
	<!-- A cube face -->
    <NODE id="cube_face5">       
        <MATERIAL id="null" />     
        <TEXTURE id="null" /> 
		
		<TRANSLATION x="5" y="0" z="5" />
        <ROTATION axis="y" angle="90" />
		
        <DESCENDANTS>
					<LEAF  type="rectangle" args="0 5 5 0" />        
        </DESCENDANTS>
    </NODE>
	
	<!-- A cube face -->
	<NODE id="cube_face6">       
        <MATERIAL id="null" />     
        <TEXTURE id="null" /> 
		
        <ROTATION axis="y" angle="-90" />
		
        <DESCENDANTS>
					<LEAF  type="rectangle" args="0 5 5 0" />        
        </DESCENDANTS>
    </NODE>

    <!-- Fences -->
    <NODE id="fences">
    	<MATERIAL id="null" />
    	<TEXTURE id="iron" />

    	<SCALE sx="1" sy="0.8" sz="1" />

    	<DESCENDANTS>
    		<NODEREF id="fence_wall1" />
    		<NODEREF id="fence_wall2" />
    		<NODEREF id="fence_wall3" />
    		<NODEREF id="fence_wall4" />
    		<NODEREF id="fence_wall5" />
    	</DESCENDANTS>

    </NODE>

    <!-- Fence Wall 1 -->
    <NODE id="fence_wall1">
    	<MATERIAL id="null" />
    	<TEXTURE id="null" />

    	<TRANSLATION x="1.5" y="0" z="4.25" />

    	<DESCENDANTS>
    		<NODEREF id="fence1" />
    		<NODEREF id="fence2" />
    		<NODEREF id="fence3" />
    		<NODEREF id="fence4" />
    		<NODEREF id="fence5" />
    		<NODEREF id="fence6" />
    		<NODEREF id="fence7" />
    	</DESCENDANTS>

    </NODE>

    <!-- Fence Wall 2 -->
    <NODE id="fence_wall2">
    	<MATERIAL id="null" />
    	<TEXTURE id="null" />

    	<TRANSLATION x="38.5" y="0" z="4.25" />

    	<DESCENDANTS>
    		<NODEREF id="fence1" />
    		<NODEREF id="fence2" />
    		<NODEREF id="fence3" />
    		<NODEREF id="fence4" />
    		<NODEREF id="fence5" />
    		<NODEREF id="fence6" />
    		<NODEREF id="fence7" />
    	</DESCENDANTS>

    </NODE>

    <!-- Fence Wall 3 -->
    <NODE id="fence_wall3">
    	<MATERIAL id="null" />
    	<TEXTURE id="null" />

		<TRANSLATION x="4.25" y="0" z="1.5" />
    	<ROTATION axis="y" angle="90" />

    	<DESCENDANTS>
    		<NODEREF id="fence1" />
    		<NODEREF id="fence2" />
    		<NODEREF id="fence3" />
    		<NODEREF id="fence4" />
    		<NODEREF id="fence5" />
    		<NODEREF id="fence6" />
    		<NODEREF id="fence7" />
    		<NODEREF id="fence8" />
    		<NODEREF id="fence9" />
    	</DESCENDANTS>

    </NODE>

    <!-- Fence Wall 4 -->
    <NODE id="fence_wall4">
    	<MATERIAL id="null" />
    	<TEXTURE id="null" />

		<TRANSLATION x="4.25" y="0" z="30.5" />
    	<ROTATION axis="y" angle="90" />

    	<DESCENDANTS>
    		<NODEREF id="fence1" />
    		<NODEREF id="fence2" />
    		<NODEREF id="fence3" />
    		<NODEREF id="fence4" />
    	</DESCENDANTS>

    </NODE>

     <!-- Fence Wall 5 -->
    <NODE id="fence_wall5">
    	<MATERIAL id="null" />
    	<TEXTURE id="null" />

		<TRANSLATION x="30" y="0" z="30.5" />
    	<ROTATION axis="y" angle="90" />

    	<DESCENDANTS>
    		<NODEREF id="fence1" />
    		<NODEREF id="fence2" />
    	</DESCENDANTS>

    </NODE>

    <!-- Fence 1 -->
    <NODE id="fence1">
    	<MATERIAL id="null" />
    	<TEXTURE id="null" />

    	<DESCENDANTS>
    		<NODEREF id="fence" />
    	</DESCENDANTS>

    </NODE>

     <!-- Fence 2 -->
    <NODE id="fence2">
    	<MATERIAL id="null" />
    	<TEXTURE id="null" />

    	<TRANSLATION x="0" y="0" z="4" />

    	<DESCENDANTS>
    		<NODEREF id="fence" />
    	</DESCENDANTS>

    </NODE>

	<!-- Fence 3 -->
    <NODE id="fence3">
    	<MATERIAL id="null" />
    	<TEXTURE id="null" />

    	<TRANSLATION x="0" y="0" z="8" />

    	<DESCENDANTS>
    		<NODEREF id="fence" />
    	</DESCENDANTS>

    </NODE>

    <!-- Fence 4 -->
    <NODE id="fence4">
    	<MATERIAL id="null" />
    	<TEXTURE id="null" />

    	<TRANSLATION x="0" y="0" z="12" />

    	<DESCENDANTS>
    		<NODEREF id="fence" />
    	</DESCENDANTS>

    </NODE>

    <!-- Fence 5 -->
    <NODE id="fence5">
    	<MATERIAL id="null" />
    	<TEXTURE id="null" />

    	<TRANSLATION x="0" y="0" z="16" />

    	<DESCENDANTS>
    		<NODEREF id="fence" />
    	</DESCENDANTS>

    </NODE>

    <!-- Fence 6 -->
    <NODE id="fence6">
    	<MATERIAL id="null" />
    	<TEXTURE id="null" />

    	<TRANSLATION x="0" y="0" z="20" />

    	<DESCENDANTS>
    		<NODEREF id="fence" />
    	</DESCENDANTS>

    </NODE>

    <!-- Fence 7 -->
    <NODE id="fence7">
    	<MATERIAL id="null" />
    	<TEXTURE id="null" />

    	<TRANSLATION x="0" y="0" z="21" />

    	<DESCENDANTS>
    		<NODEREF id="fence" />
    	</DESCENDANTS>

    </NODE>

    <!-- Fence 8 -->
    <NODE id="fence8">
    	<MATERIAL id="null" />
    	<TEXTURE id="null" />

    	<TRANSLATION x="0" y="0" z="25" />

    	<DESCENDANTS>
    		<NODEREF id="fence" />
    	</DESCENDANTS>

    </NODE>

    <!-- Fence 9 -->
    <NODE id="fence9">
    	<MATERIAL id="null" />
    	<TEXTURE id="null" />

    	<TRANSLATION x="0" y="0" z="29" />

    	<DESCENDANTS>
    		<NODEREF id="fence" />
    	</DESCENDANTS>

    </NODE>

    <!-- Generic fence  -->
    <NODE id="fence">
    	<MATERIAL id="defaultMaterial" />
    	<TEXTURE id="null" />

    	<DESCENDANTS>
    		<NODEREF id="vert_cylinder1" />
    		<NODEREF id="vert_cylinder2" />
    		<NODEREF id="vert_cylinder3" />
    		<NODEREF id="vert_cylinder4" />
    		<NODEREF id="horz_cylinder1" />
    		<NODEREF id="horz_cylinder2" />
    		<NODEREF id="spike1" />
    		<NODEREF id="spike2" />
    		<NODEREF id="spike3" />
    		<NODEREF id="spike4" />
    	</DESCENDANTS>

    </NODE>

    <!-- Fence vertical cylinder 1 -->
    <NODE id="vert_cylinder1">
    	<MATERIAL id="null" />
    	<TEXTURE id="null" />

    	<ROTATION axis="x" angle="90" />
    	<TRANSLATION x="0" y="0" z="-10" />

    	<DESCENDANTS>
    		<LEAF type="cylinder" args="10 0.1 0.1 20 20 1 1" />
    	</DESCENDANTS>

    </NODE>

     <!-- Fence vertical cylinder 2 -->
    <NODE id="vert_cylinder2">
    	<MATERIAL id="null" />
    	<TEXTURE id="null" />

    	<ROTATION axis="x" angle="90" />
    	<TRANSLATION x="0" y="1" z="-10" />

    	<DESCENDANTS>
    		<LEAF type="cylinder" args="10 0.1 0.1 20 20 1 1" />
    	</DESCENDANTS>

    </NODE>

     <!-- Fence vertical cylinder 3 -->
    <NODE id="vert_cylinder3">
    	<MATERIAL id="null" />
    	<TEXTURE id="null" />

    	<ROTATION axis="x" angle="90" />
    	<TRANSLATION x="0" y="2" z="-10" />

    	<DESCENDANTS>
    		<LEAF type="cylinder" args="10 0.1 0.1 20 20 1 1" />
    	</DESCENDANTS>

    </NODE>

     <!-- Fence vertical cylinder 4 -->
    <NODE id="vert_cylinder4">
    	<MATERIAL id="null" />
    	<TEXTURE id="null" />

    	<ROTATION axis="x" angle="90" />
    	<TRANSLATION x="0" y="3" z="-10" />

    	<DESCENDANTS>
    		<LEAF type="cylinder" args="10 0.1 0.1 20 20 1 1" />
    	</DESCENDANTS>

    </NODE>

     <!-- Fence horizontal cylinder 1 -->
    <NODE id="horz_cylinder1">
    	<MATERIAL id="null" />
    	<TEXTURE id="null" />

    	<TRANSLATION x="0" y="7" z="-1" />

    	<DESCENDANTS>
    		<LEAF type="cylinder" args="5 0.1 0.1 20 20 1 1" />
    	</DESCENDANTS>

    </NODE>

    <!-- Fence horizontal cylinder 2 -->
    <NODE id="horz_cylinder2">
    	<MATERIAL id="null" />
    	<TEXTURE id="null" />

    	<TRANSLATION x="0" y="2" z="-1" />

    	<DESCENDANTS>
    		<LEAF type="cylinder" args="5 0.1 0.1 20 20 1 1" />
    	</DESCENDANTS>

    </NODE>

    <!-- Fence spike cylinder 1 -->
    <NODE id="spike1">
    	<MATERIAL id="null" />
    	<TEXTURE id="null" />

    	<ROTATION axis="x" angle="90" />
    	<TRANSLATION x="0" y="0" z="-11" />

    	<DESCENDANTS>
    		<LEAF type="cylinder" args="1 0 0.2 20 20 1 1" />
    	</DESCENDANTS>

    </NODE>

    <!-- Fence spike cylinder 2 -->
    <NODE id="spike2">
    	<MATERIAL id="null" />
    	<TEXTURE id="null" />

    	<ROTATION axis="x" angle="90" />
    	<TRANSLATION x="0" y="1" z="-11" />

    	<DESCENDANTS>
    		<LEAF type="cylinder" args="1 0 0.2 20 20 1 1" />
    	</DESCENDANTS>

    </NODE>

    <!-- Fence spike cylinder 3 -->
    <NODE id="spike3">
    	<MATERIAL id="null" />
    	<TEXTURE id="null" />

    	<ROTATION axis="x" angle="90" />
    	<TRANSLATION x="0" y="2" z="-11" />

    	<DESCENDANTS>
    		<LEAF type="cylinder" args="1 0 0.2 20 20 1 1" />
    	</DESCENDANTS>

    </NODE>

	<!-- Fence spike cylinder 4 -->
    <NODE id="spike4">
    	<MATERIAL id="null" />
    	<TEXTURE id="null" />

    	<ROTATION axis="x" angle="90" />
    	<TRANSLATION x="0" y="3" z="-11" />

    	<DESCENDANTS>
    		<LEAF type="cylinder" args="1 0 0.2 20 20 1 1" />
    	</DESCENDANTS>

    </NODE>

        <!-- Tombstones -->
    <NODE id="tombstones">
    	<MATERIAL id="null" />
    	<TEXTURE id="mossy_stone" />

    	<DESCENDANTS>
    		<NODEREF id="tombstone1" />
    		<NODEREF id="tombstone2" />
    	</DESCENDANTS>
    
    </NODE>

    <!-- Tombstone 1 -->
    <NODE id="tombstone1">
    	<MATERIAL id="null" />
    	<TEXTURE id="null" />

    	<TRANSLATION x="7" y="0" z="25" />
    	<ROTATION axis="y" angle="90" />

    	<DESCENDANTS>
    		<NODEREF id="tombstone" />
    	</DESCENDANTS>

    </NODE>

    <!-- Tombstone 2 -->
    <NODE id="tombstone2">
    	<MATERIAL id="null" />
    	<TEXTURE id="null" />

    	<TRANSLATION x="7" y="0" z="20" />
    	<ROTATION axis="y" angle="90" />

    	<DESCENDANTS>
    		<NODEREF id="tombstone" />
    	</DESCENDANTS>

    </NODE>

    <!-- Generic Tombstone -->
    <NODE id="tombstone">
    	<MATERIAL id="null" />
    	<TEXTURE id="null" />

    	<DESCENDANTS>
    		<NODEREF id="tombstone_base" />
    		<NODEREF id="tombstone_head" />
    	</DESCENDANTS>

    </NODE>

    <!-- Tomstone Base -->
    <NODE id="tombstone_base">
    	<MATERIAL id="null" />
    	<TEXTURE id="null" />

    	<SCALE sx="0.4" sy="0.5" sz="0.1" />

    	<DESCENDANTS>
    		<NODEREF id="cube" />
    	</DESCENDANTS>

    </NODE>

    <!-- Tombstone Head -->
    <NODE id="tombstone_head">
    	<MATERIAL id="null" />
    	<TEXTURE id="null" />

    	<TRANSLATION x="1" y="2.4" z="0" />

    	<DESCENDANTS>
    		<LEAF type ="cylinder" args="0.5 1.01 1.01 20 20 1 1" />
    	</DESCENDANTS>

    </NODE>

    <!-- Crypts -->
	<NODE id="crypts">      
        <MATERIAL id="null" />    
        <TEXTURE id="null" />       		

        <DESCENDANTS>
			<NODEREF id="crypt1" />
		</DESCENDANTS>
    </NODE>

     <!-- Crypts -->
	<NODE id="crypt1">      
        <MATERIAL id="null" />    
        <TEXTURE id="null" />       		

		<TRANSLATION x="4" y="0" z="4" />
		<SCALE sx="1.5" sy="1.5" sz="1.5" />

        <DESCENDANTS>
			<NODEREF id="crypt" />
		</DESCENDANTS>
    </NODE>

	<!-- Generic Crypt -->
	<NODE id="crypt">      
        <MATERIAL id="null" />    
        <TEXTURE id="marble" />       		

        <DESCENDANTS>
			<NODEREF id="crypt_floor" />
			<NODEREF id="crypt_walls" />
			<NODEREF id="crypt_roof" />
			<NODEREF id="crypt_columns" />
			<NODEREF id="crypt_doors" />
		</DESCENDANTS>
    </NODE>
	
	<!-- Crypt floor -->
	<NODE id="crypt_floor">      
        <MATERIAL id="null" />    
        <TEXTURE id="marble" /> 

		<SCALE sx="1.75" sy="0.075" sz="1.2" />

        <DESCENDANTS>
			<NODEREF id="cube" />
		</DESCENDANTS>
    </NODE>

	<!-- Crypt walls -->
	<NODE id="crypt_walls">      
        <MATERIAL id="null" />    
        <TEXTURE id="null" />       		

		<TRANSLATION x="0.5" y="0.375" z="0.5" />

        <DESCENDANTS>
			<NODEREF id="crypt_wall1" />
			<NODEREF id="crypt_wall2" />
			<NODEREF id="crypt_wall3" />
			<NODEREF id="crypt_wall4" />
			<NODEREF id="crypt_wall5" />
			<NODEREF id="crypt_wall6" />
		</DESCENDANTS>
    </NODE>

    <!-- Crypt wall 1 (right) -->
	<NODE id="crypt_wall1">      
        <MATERIAL id="null" />    
        <TEXTURE id="null" /> 

        <SCALE sx="1.3" sy="0.6" sz="0.05" />

        <DESCENDANTS>
			<NODEREF id="cube" />
		</DESCENDANTS>
    </NODE>

    <!-- Crypt wall 2 (left) -->
	<NODE id="crypt_wall2">      
        <MATERIAL id="null" />    
        <TEXTURE id="null" /> 

		<TRANSLATION x="0" y="0" z="4.75" />
		<SCALE sx="1.3" sy="0.6" sz="0.05" />

        <DESCENDANTS>
			<NODEREF id="cube" />
		</DESCENDANTS>
    </NODE>

     <!-- Crypt wall 3 (back) -->
	<NODE id="crypt_wall3">      
        <MATERIAL id="null" />    
        <TEXTURE id="null" /> 

		<SCALE sx="0.05" sy="0.6" sz="1" />

        <DESCENDANTS>
			<NODEREF id="cube" />
		</DESCENDANTS>
    </NODE>

     <!-- Crypt wall 4 (front right) -->
	<NODE id="crypt_wall4">      
        <MATERIAL id="null" />    
        <TEXTURE id="null" /> 

		<TRANSLATION x="6.5" y="0" z="0" />
		<SCALE sx="0.05" sy="0.6" sz="0.25" />

        <DESCENDANTS>
			<NODEREF id="cube" />
		</DESCENDANTS>
    </NODE>

    <!-- Crypt wall 5 (front left) -->
	<NODE id="crypt_wall5">      
        <MATERIAL id="null" />    
        <TEXTURE id="null" /> 

		<TRANSLATION x="6.5" y="0" z="3.75" />
		<SCALE sx="0.05" sy="0.6" sz="0.25" />

        <DESCENDANTS>
			<NODEREF id="cube" />
		</DESCENDANTS>
    </NODE>

    <!-- Crypt wall 6 (front top) -->
	<NODE id="crypt_wall6">      
        <MATERIAL id="null" />    
        <TEXTURE id="null" /> 

		<TRANSLATION x="6.5" y="2" z="1.25" />
		<SCALE sx="0.05" sy="0.2" sz="0.5" />

        <DESCENDANTS>
			<NODEREF id="cube" />
		</DESCENDANTS>
    </NODE>

    <!-- Crypt roof -->
	<NODE id="crypt_roof">      
        <MATERIAL id="null" />    
        <TEXTURE id="marble" />       		

        <DESCENDANTS>
			<NODEREF id="crypt_roof_base" />
			<NODEREF id="crypt_roof_support1" />
			<NODEREF id="crypt_roof_support2" />
			<NODEREF id="crypt_roof_support3" />
			<NODEREF id="crypt_roof_support4" />
			<NODEREF id="crypt_roof_support5" />
			<NODEREF id="crypt_roof_front" />
			<NODEREF id="crypt_roof_back" />
			<NODEREF id="crypt_roof_left" />
			<NODEREF id="crypt_roof_right" />
		</DESCENDANTS>
    </NODE>

    <!-- Crypt roof base -->
	<NODE id="crypt_roof_base">      
        <MATERIAL id="null" />    
        <TEXTURE id="null" /> 

		<TRANSLATION x="0" y="3.25" z="0" />
		<SCALE sx="1.75" sy="0.05" sz="1.2" />

        <DESCENDANTS>
			<NODEREF id="cube" />
		</DESCENDANTS>
    </NODE>
    
	<!-- Crypt roof support 1 -->
	<NODE id="crypt_roof_support1">      
        <MATERIAL id="null" />    
        <TEXTURE id="null" /> 

		<TRANSLATION x="0" y="3.25" z="0.1" />
		<ROTATION axis="x" angle="-30" />
		<SCALE sx="0.05" sy="0.05" sz="0.7" />

        <DESCENDANTS>
			<NODEREF id="cube" />
		</DESCENDANTS>
    </NODE>

    <!-- Crypt roof support 2 -->
	<NODE id="crypt_roof_support2">      
        <MATERIAL id="null" />    
        <TEXTURE id="null" /> 

		<TRANSLATION x="0" y="5" z="2.85" />
		<ROTATION axis="x" angle="30" />
		<SCALE sx="0.05" sy="0.05" sz="0.7" />

        <DESCENDANTS>
			<NODEREF id="cube" />
		</DESCENDANTS>
    </NODE>

    <!-- Crypt roof support 3 -->
	<NODE id="crypt_roof_support3">      
        <MATERIAL id="null" />    
        <TEXTURE id="null" /> 

		<TRANSLATION x="8.5" y="3.25" z="0.1" />
		<ROTATION axis="x" angle="-30" />
		<SCALE sx="0.05" sy="0.05" sz="0.7" />

        <DESCENDANTS>
			<NODEREF id="cube" />
		</DESCENDANTS>
    </NODE>

    <!-- Crypt roof support 4 -->
	<NODE id="crypt_roof_support4">      
        <MATERIAL id="null" />    
        <TEXTURE id="null" /> 

		<TRANSLATION x="8.5" y="5" z="2.85" />
		<ROTATION axis="x" angle="30" />
		<SCALE sx="0.05" sy="0.05" sz="0.7" />
        <DESCENDANTS>
			<NODEREF id="cube" />
		</DESCENDANTS>
    </NODE>

    <!-- Crypt roof support 5 -->
	<NODE id="crypt_roof_support5">      
        <MATERIAL id="null" />    
        <TEXTURE id="null" /> 

		<TRANSLATION x="0" y="5.075" z="2.8" />
		<ROTATION axis="x" angle="60" />
		<SCALE sx="1.75" sy="0.05" sz="0.05" />
        <DESCENDANTS>
			<NODEREF id="cube" />
		</DESCENDANTS>
    </NODE>

    <!-- Crypt roof front -->
	<NODE id="crypt_roof_front">      
        <MATERIAL id="null" />    
        <TEXTURE id="banco" /> 

        <DESCENDANTS>
			<LEAF type="triangle" args="8.5 3.5 5.9 8.5 3.5 0 8.5 5.1 2.9" />
		</DESCENDANTS>
    </NODE>

    <!-- Crypt roof back -->
	<NODE id="crypt_roof_back">      
        <MATERIAL id="null" />    
        <TEXTURE id="banco" /> 

        <DESCENDANTS>
			<LEAF type="triangle" args="0.1 5.1 2.9 0.1 3.5 0 0.1 3.5 5.9" />
		</DESCENDANTS>
    </NODE>

    <!-- Crypt roof right -->
	<NODE id="crypt_roof_right">      
        <MATERIAL id="null" />    
        <TEXTURE id="roof" /> 

		<TRANSLATION x="0" y="3.35" z="0" />
		<ROTATION axis="x" angle="60" />

        <DESCENDANTS>
			<LEAF type="rectangle" args="8.5 3.3 0.1 0" />
		</DESCENDANTS>
    </NODE>

    <!-- Crypt roof left -->
	<NODE id="crypt_roof_left">      
        <MATERIAL id="null" />    
        <TEXTURE id="roof" /> 

		<TRANSLATION x="8.5" y="3.35" z="5.95" />
		<ROTATION axis="y" angle="180" />
		<ROTATION axis="x" angle="60" />

        <DESCENDANTS>
			<LEAF type="rectangle" args="8.5 3.3 0.1 0" />
		</DESCENDANTS>
    </NODE>

    <!-- Crypt columns -->
	<NODE id="crypt_columns">      
        <MATERIAL id="null" />    
        <TEXTURE id="column_rock" />       		

        <DESCENDANTS>
			<NODEREF id="crypt_column1" />
			<NODEREF id="crypt_column2" />
		</DESCENDANTS>
    </NODE>

    <!-- Crypt column 1 -->
	<NODE id="crypt_column1">      
        <MATERIAL id="null" />    
        <TEXTURE id="null" /> 

		<TRANSLATION x="7.85" y="0.375" z="1.15" />
		<ROTATION axis="x" angle="-90" />

        <DESCENDANTS>
			<LEAF type="cylinder" args="3 0.4 0.4 20 20 1 1" />
		</DESCENDANTS>
    </NODE>

    <!-- Crypt column 2 -->
	<NODE id="crypt_column2">      
        <MATERIAL id="null" />    
        <TEXTURE id="null" /> 

		<TRANSLATION x="7.85" y="0.375" z="4.85" />
		<ROTATION axis="x" angle="-90" />

        <DESCENDANTS>
			<LEAF type="cylinder" args="3 0.4 0.4 20 20 1 1" />
		</DESCENDANTS>
    </NODE>

    <!-- Crypt doors -->
	<NODE id="crypt_doors">      
        <MATERIAL id="null" />    
        <TEXTURE id="door" /> 

        <DESCENDANTS>
			<NODEREF id="crypt_door1" />
			<NODEREF id="crypt_door2" />
		</DESCENDANTS>
    </NODE>

    <!-- Crypt door 1 (left) -->
	<NODE id="crypt_door1">      
        <MATERIAL id="null" />    
        <TEXTURE id="null" /> 

		<TRANSLATION x="7" y="0.37" z="3" />
		<SCALE sx="0.05" sy="0.4" sz="0.25" />

        <DESCENDANTS>
			<NODEREF id="cube" />
		</DESCENDANTS>
    </NODE>

    <!-- Crypt door 2 (right) -->
	<NODE id="crypt_door2">      
        <MATERIAL id="null" />    
        <TEXTURE id="null" /> 

		<TRANSLATION x="7" y="0.37" z="1.75" />
		<SCALE sx="0.05" sy="0.4" sz="0.25" />

        <DESCENDANTS>
			<NODEREF id="cube" />
		</DESCENDANTS>
    </NODE>

    <!-- Columns -->
    <NODE id="columns">
    	<MATERIAL id="null" />
    	<TEXTURE id="null" />

    	<DESCENDANTS>
    		<NODEREF id="column1" />
    		<NODEREF id="column2" />
    		<NODEREF id="column3" />
    		<NODEREF id="column4" />
    		<NODEREF id="column5" />
    		<NODEREF id="column6" />
    	</DESCENDANTS>

    </NODE>

    <!-- Column 1 -->
    <NODE id="column1">
    	<MATERIAL id="null" />
    	<TEXTURE id="null" />

    	<TRANSLATION x="1" y="0" z="1" />

		<DESCENDANTS>
			<NODEREF id="column" />
		</DESCENDANTS>

    </NODE>

    <!-- Column 2 -->
    <NODE id="column2">
    	<MATERIAL id="null" />
    	<TEXTURE id="null" />

    	<TRANSLATION x="36.5" y="0" z="1" />

		<DESCENDANTS>
			<NODEREF id="column" />
		</DESCENDANTS>

    </NODE>

    <!-- Column 3 -->
    <NODE id="column3">
    	<MATERIAL id="null" />
    	<TEXTURE id="null" />

    	<TRANSLATION x="1" y="0" z="28.5" />

		<DESCENDANTS>
			<NODEREF id="column" />
		</DESCENDANTS>

    </NODE>

    <!-- Column 4 -->
    <NODE id="column4">
    	<MATERIAL id="null" />
    	<TEXTURE id="null" />

    	<TRANSLATION x="36.5" y="0" z="28.5" />

		<DESCENDANTS>
			<NODEREF id="column" />
		</DESCENDANTS>

    </NODE>

	<!-- Column 5 -->
    <NODE id="column5">
    	<MATERIAL id="null" />
    	<TEXTURE id="null" />

    	<TRANSLATION x="28" y="0" z="28.5" />

		<DESCENDANTS>
			<NODEREF id="column" />
		</DESCENDANTS>

    </NODE>

    <!-- Column 6 -->
    <NODE id="column6">
    	<MATERIAL id="null" />
    	<TEXTURE id="null" />

    	<TRANSLATION x="18.5" y="0" z="28.5" />

		<DESCENDANTS>
			<NODEREF id="column" />
		</DESCENDANTS>

    </NODE>

    <!-- Generic Column -->
    <NODE id="column">
    	<MATERIAL id="defaultMaterial" />
    	<TEXTURE id="null" />

		<DESCENDANTS>
			<NODEREF id="column_base_cube" />
			<NODEREF id="column_body_cube" />
			<NODEREF id="column_head_cube" />
			<NODEREF id="column_pyramid" />
		</DESCENDANTS>

	</NODE>

	<!-- Column Base Cube -->
	<NODE id="column_base_cube">
		<MATERIAL id="null" />
		<TEXTURE id="dark_rocks" />

		<SCALE sx="0.5" sy="0.1" sz="0.5" />

		<DESCENDANTS>
			<NODEREF id="cube" />
		</DESCENDANTS>

	</NODE>

	<!-- Column Body Cube -->
	<NODE id="column_body_cube">
		<MATERIAL id="null" />
		<TEXTURE id="brick" />

		<TRANSLATION x="0.25" y="0.5" z="0.25" />
		<SCALE sx="0.4" sy="1.5" sz="0.4" />


		<DESCENDANTS>
			<NODEREF id="cube" />
		</DESCENDANTS>

	</NODE>

	<!-- Column Head Cube -->
	<NODE id="column_head_cube">
		<MATERIAL id="null" />
		<TEXTURE id="dark_rocks" />

		<TRANSLATION x="0" y="8" z="0" />
		<SCALE sx="0.5" sy="0.1" sz="0.5" />

		<DESCENDANTS>
			<NODEREF id="cube" />
		</DESCENDANTS>

	</NODE>

	<!-- Column Base Pyramid -->
	<NODE id="column_pyramid">
		<MATERIAL id="null" />
		<TEXTURE id="dark_rocks" />

		<TRANSLATION x="0.13" y="7.5" z="-0.55" />
		<SCALE sx="1.4" sy="0.4" sz="1.4" />

		<DESCENDANTS>
			<NODEREF id="pyramid" />
		</DESCENDANTS>

	</NODE>

	<!-- A pyramid -->
    <NODE id="pyramid">       

        <MATERIAL id="null" />      
        <TEXTURE id="null" />       			

        <TRANSLATION x="0" y="4" z="0" />
        <SCALE sx="0.1" sy="0.5" sz="0.1" />

        <DESCENDANTS>
       		<NODEREF id="meiaPiramide1" /> 
            <NODEREF id="meiaPiramide2" />       
            <NODEREF id="basePiramide" />   	 
        </DESCENDANTS>

    </NODE>

    <!-- The pyramid base -->
    <NODE id="basePiramide">       
        <MATERIAL id="null" />     
        <TEXTURE id="null" />       			

       	<ROTATION axis="x" angle="90" />
       	<TRANSLATION x="1" y="6" z="2.87" /> 
       	<SCALE sx="2.8" sy="3.5" sz="1" />

        <DESCENDANTS>
					<LEAF  type="rectangle" args="0 4 5 0" />        
        </DESCENDANTS>

    </NODE>

    <!-- Half a pyramid -->
    <NODE id="meiaPiramide1">       
        <MATERIAL id="null" />      
        <TEXTURE id="null" />       			

        <DESCENDANTS>
            <NODEREF id="meiaPiramide" />      
        </DESCENDANTS>

    </NODE>

    <!-- The other half -->
    <NODE id="meiaPiramide2">       
        <MATERIAL id="null" />      
        <TEXTURE id="null" />       			

		<TRANSLATION x="16" y="0" z="26"	/>
		<ROTATION axis="y" angle="180" />

        <DESCENDANTS>
            <NODEREF id="meiaPiramide" />       
        </DESCENDANTS>

    </NODE>

    <!-- Generic half a pyramid -->
    <NODE id="meiaPiramide">       
        <MATERIAL id="null" />      
        <TEXTURE id="null" />       			

        <DESCENDANTS>
            <NODEREF id="facePiramide1" />       
            <NODEREF id="facePiramide2" />    	 
        </DESCENDANTS>

    </NODE>

    <!-- Pyramid face -->
   <NODE id="facePiramide1">       
        <MATERIAL id="null" />      
        <TEXTURE id="null" />       			

		<TRANSLATION x="8" y="4" z="13" />
		<ROTATION axis="x" angle="44.42" />
       	<ROTATION axis="y" angle="-45" />
        
        <DESCENDANTS>
					<LEAF id="triangle1" type="triangle" args="2 0 12 12 0 2 0 0 0" />
        </DESCENDANTS>

    </NODE>

    <!-- Another pyramid face -->
    <NODE id="facePiramide2">      
        <MATERIAL id="null" />      
        <TEXTURE id="null" />       			

       	<TRANSLATION x="10" y="4" z="15" />
        <TRANSLATION x="-2" y="0" z="-2" />
       	<ROTATION axis="z" angle="-44.42" />
       	<ROTATION axis="y" angle="45" />  

        <DESCENDANTS>
					<LEAF id="triangle1" type="triangle" args="2 0 12 12 0 2 0 0 0" />
        </DESCENDANTS>

    </NODE>

	<!-- Candles -->
    <NODE id="candles">      
        <MATERIAL id="null" />    
        <TEXTURE id="null" />              
 
        <DESCENDANTS>
            <NODEREF id="candles1" />
        </DESCENDANTS>
    </NODE>
 
     <!-- Candles 1 -->
    <NODE id="candles1">      
        <MATERIAL id="null" />    
        <TEXTURE id="null" />
 
       	<TRANSLATION x="16.25" y="0.5" z="12.25" /> 
       	<SCALE sx="0.25" sy="0.25" sz="0.25" />

        <DESCENDANTS>
            <NODEREF id="candle" />
        </DESCENDANTS>
    </NODE>
 
    <!-- Generic group of candles -->
    <NODE id="candle">      
        <MATERIAL id="null" />    
        <TEXTURE id="candle" />    
 
        <ROTATION axis="x" angle="-90" />  
 
        <DESCENDANTS>
            <NODEREF id="candle1" />
            <NODEREF id="candle2" />
            <NODEREF id="candle3" />
        </DESCENDANTS>
    </NODE>
 
    <!-- Candle 1 -->
    <NODE id="candle1">      
        <MATERIAL id="null" />    
        <TEXTURE id="null" />              
 
        <DESCENDANTS>
            <LEAF type="cylinder" args="2 0.5 0.5 20 20 1 1" />
            <NODEREF id="candle_stick1" />
            <NODEREF id="candle_fire1" />
        </DESCENDANTS>
    </NODE>
 
    <!-- Candle 2 -->
    <NODE id="candle2">      
        <MATERIAL id="null" />    
        <TEXTURE id="null" />              
 
        <TRANSLATION x="1" y="0" z="0" />
 
        <DESCENDANTS>
            <LEAF type="cylinder" args="1.5 0.2 0.2 20 20 1 1" />
            <NODEREF id="candle_stick2" />
			<NODEREF id="candle_fire2" />
        </DESCENDANTS>
    </NODE>
 
    <!-- Candle 3 -->
    <NODE id="candle3">      
        <MATERIAL id="null" />    
        <TEXTURE id="null" />              
 
        <TRANSLATION x="0" y="1" z="0" />
 
        <DESCENDANTS>
            <LEAF type="cylinder" args="0.75 0.2 0.2 20 20 1 1" />
            <NODEREF id="candle_stick3" />
            <NODEREF id="candle_fire3" />
        </DESCENDANTS>
    </NODE>

    <!-- Candle Stick 1 -->
    <NODE id="candle_stick1">      
        <MATERIAL id="null" />    
        <TEXTURE id="stick" />              
 
        <TRANSLATION x="0" y="0" z="2" />
 
        <DESCENDANTS>
            <LEAF type="cylinder" args="0.5 0.05 0.05 20 20 1 1" />
        </DESCENDANTS>
    </NODE>

    <!-- Candle Stick 2 -->
    <NODE id="candle_stick2">      
        <MATERIAL id="null" />    
        <TEXTURE id="stick" />              
 
        <TRANSLATION x="0" y="0" z="1.5" />
 
        <DESCENDANTS>
            <LEAF type="cylinder" args="0.3 0.02 0.02 20 20 1 1" />
        </DESCENDANTS>
    </NODE>

    <!-- Candle Stick 3 -->
    <NODE id="candle_stick3">      
        <MATERIAL id="null" />    
        <TEXTURE id="stick" />              
 
        <TRANSLATION x="0" y="0" z="0.7" />
 
        <DESCENDANTS>
            <LEAF type="cylinder" args="0.3 0.02 0.02 20 20 1 1" />
        </DESCENDANTS>
    </NODE>

	<!-- Candle Fire 1 -->
    <NODE id="candle_fire1">      
        <MATERIAL id="null" />    
        <TEXTURE id="fire" />              
 
        <TRANSLATION x="0" y="0" z="2.6" />
 		<SCALE sx="1" sy="1" sz="2.4" />

        <DESCENDANTS>
            <LEAF type="sphere" args="0.1 20 20" />
        </DESCENDANTS>
    </NODE>

    <!-- Candle Fire 2 -->
    <NODE id="candle_fire2">      
        <MATERIAL id="null" />    
        <TEXTURE id="fire" />              
 
        <TRANSLATION x="0" y="0" z="1.8" />
 		<SCALE sx="0.7" sy="0.7" sz="1.8" />

        <DESCENDANTS>
            <LEAF type="sphere" args="0.1 20 20" />
        </DESCENDANTS>
    </NODE>

    <!-- Candle Fire 3 -->
    <NODE id="candle_fire3">      
        <MATERIAL id="null" />    
        <TEXTURE id="fire" />              
 
        <TRANSLATION x="0" y="0" z="1" />
 		<SCALE sx="0.7" sy="0.7" sz="1.8" />

        <DESCENDANTS>
            <LEAF type="sphere" args="0.1 20 20" />
        </DESCENDANTS>
    </NODE>





   
    <!-- Walls -->
    <NODE id="walls">      
        <MATERIAL id="null" />    
        <TEXTURE id="dark_rocks" />             
 
        <DESCENDANTS>
            <NODEREF id="wall1" />
            <NODEREF id="wall2" />
            <NODEREF id="wall3" />
            <NODEREF id="wall4" />
            <NODEREF id="wall5" />
        </DESCENDANTS>
    </NODE>
 
    <!-- Wall 1 -->
    <NODE id="wall1">      
        <MATERIAL id="null" />    
        <TEXTURE id="null" />
               
        <TRANSLATION x="1" y="0" z="1" />
        <SCALE sx="7.6" sy="0.05" sz="0.2" />      
 
        <DESCENDANTS>
            <NODEREF id="cube" />
        </DESCENDANTS>
    </NODE>
 
    <!-- Wall 2 -->
    <NODE id="wall2">      
        <MATERIAL id="null" />    
        <TEXTURE id="null" />
               
        <TRANSLATION x="1" y="0" z="30" />
        <SCALE sx="4" sy="0.05" sz="0.2" />    
 
        <DESCENDANTS>
            <NODEREF id="cube" />
        </DESCENDANTS>
    </NODE>
 
    <!-- Wall 3 -->
    <NODE id="wall3">      
        <MATERIAL id="null" />    
        <TEXTURE id="null" />
               
        <TRANSLATION x="28" y="0" z="30" />
        <SCALE sx="2.2" sy="0.05" sz="0.2" />      
 
        <DESCENDANTS>
            <NODEREF id="cube" />
        </DESCENDANTS>
    </NODE>
 
     <!-- Wall 4 -->
    <NODE id="wall4">      
        <MATERIAL id="null" />    
        <TEXTURE id="null" />
 
             
        <TRANSLATION x="1" y="0" z="2" />
        <SCALE sx="0.2" sy="0.05" sz="5.6" />      
 
        <DESCENDANTS>
            <NODEREF id="cube" />
        </DESCENDANTS>
    </NODE>
 
    <!-- Wall 5 -->
    <NODE id="wall5">      
        <MATERIAL id="null" />    
        <TEXTURE id="null" />
               
        <TRANSLATION x="38" y="0" z="2" />
        <SCALE sx="0.2" sy="0.05" sz="5.6" />      
 
        <DESCENDANTS>
            <NODEREF id="cube" />
        </DESCENDANTS>

     </NODE>

	 <!-- Pumpkins -->
    <NODE id="pumpkins">      
        <MATERIAL id="null" />    
        <TEXTURE id="null" />
                
        <DESCENDANTS>
            <NODEREF id="pumpkin1" />
        </DESCENDANTS>

     </NODE>

      <!-- Pumpkin 1 -->
    <NODE id="pumpkin1">      
        <MATERIAL id="null" />    
        <TEXTURE id="null" />

        <TRANSLATION x="32.4" y="-4" z="6" />
               
        <DESCENDANTS>
            <NODEREF id="pumpkin" />
        </DESCENDANTS>

    </NODE>

     <!-- Generic Pumpkin -->
    <NODE id="pumpkin">      
        <MATERIAL id="null" />    
        <TEXTURE id="null" />
               
        <DESCENDANTS>
            <NODEREF id="pumpkin_sphere" />
            <NODEREF id="pumpkin_cylinder" />
        </DESCENDANTS>

    </NODE>

     <!-- Pumpkin Body Sphere -->
    <NODE id="pumpkin_sphere">      
        <MATERIAL id="null" />    
        <TEXTURE id="pumpkin" />

		<TRANSLATION x="0" y="5" z="0" />
        <SCALE sx="0.5" sy="0.42" sz="0.5" />
                
        <DESCENDANTS>
            <LEAF type="sphere" args="2 20 20" />
        </DESCENDANTS>

    </NODE>

     <!-- Pumpkin Stick Cylinder -->
    <NODE id="pumpkin_cylinder">      
        <MATERIAL id="null" />    
        <TEXTURE id="stick" />
                
        <TRANSLATION x="0" y="6" z="0" />
		<ROTATION axis="x" angle="90" />
		<SCALE sx="0.1" sy="0.1" sz="0.17" />

        <DESCENDANTS>
            <LEAF type="cylinder" args="4 1 1 20 20 1 1" />
        </DESCENDANTS>

    </NODE>

	<!-- Trees -->
    <NODE id="trees">      
        <MATERIAL id="null" />    
        <TEXTURE id="wood" />
               
        <DESCENDANTS>
            <NODEREF id="tree1" />
        </DESCENDANTS>

    </NODE>

    <!-- Tree 1 -->
    <NODE id="tree1">      
        <MATERIAL id="null" />    
        <TEXTURE id="null" />

        <TRANSLATION x="34" y="0" z="5" />
               
        <DESCENDANTS>
            <NODEREF id="tree" />
        </DESCENDANTS>
    </NODE>

    <!-- Generic Tree -->
    <NODE id="tree">      
        <MATERIAL id="null" />    
        <TEXTURE id="null" />
               
        <DESCENDANTS>
            <NODEREF id="tree_body" />
            <NODEREF id="tree_branch1" />
            <NODEREF id="tree_branch2" />
			<NODEREF id="tree_branch3" />
			<NODEREF id="tree_branch4" />
			<NODEREF id="tree_branch5" />
			<NODEREF id="tree_branch6" />
			<NODEREF id="tree_branch7" />
			<NODEREF id="tree_branch8" />
        </DESCENDANTS>

    </NODE>

    <!-- Tree Body Cylinder -->
    <NODE id="tree_body">      
        <MATERIAL id="null" />    
        <TEXTURE id="null" />

		<TRANSLATION x="0" y="28" z="0" />
		<SCALE sx="1" sy="7" sz="1" />
        <ROTATION axis="x" angle="90" />
               
        <DESCENDANTS>
            <LEAF type="cylinder" args="4 0 1 20 20 1 1" />            
        </DESCENDANTS>
            </NODE>

    <!-- Tree Branch 1 -->
    <NODE id="tree_branch1">      
        <MATERIAL id="null" />    
        <TEXTURE id="null" />
               
		<TRANSLATION x="0" y="5" z="0" />
		<ROTATION axis="x" angle="-25" />
		<SCALE sx="0.4" sy="0.4" sz="1" />

        <DESCENDANTS>
            <LEAF type="cylinder" args="7 1 0 20 20 1 1" />
        </DESCENDANTS>

    </NODE>

	<!-- Tree Branch 2 -->
    <NODE id="tree_branch2">      
        <MATERIAL id="null" />    
        <TEXTURE id="null" />
               
		<TRANSLATION x="-3.5" y="6" z="-6" />
		<ROTATION axis="y" angle="30" />
		<ROTATION axis="x" angle="20" />
		<SCALE sx="0.4" sy="0.4" sz="1" />

        <DESCENDANTS>
            <LEAF type="cylinder" args="7 0 1 20 20 1 1" />
        </DESCENDANTS>

    </NODE>

	<!-- Tree Branch 3 -->
    <NODE id="tree_branch3">      
        <MATERIAL id="null" />    
        <TEXTURE id="null" />
               
		<TRANSLATION x="4" y="9" z="-4.5" />
		<ROTATION axis="y" angle="-42" />
		<ROTATION axis="x" angle="20" />
		<SCALE sx="0.3" sy="0.3" sz="1" />

        <DESCENDANTS>
            <LEAF type="cylinder" args="6 0 1 20 20 1 1" />
        </DESCENDANTS>

    </NODE>

    <!-- Tree Branch 4 -->
    <NODE id="tree_branch4">      
        <MATERIAL id="null" />    
        <TEXTURE id="null" />
               
		<TRANSLATION x="-5" y="11" z="0" />
		<ROTATION axis="y" angle="90" />
		<ROTATION axis="x" angle="20" />
		<SCALE sx="0.3" sy="0.3" sz="1" />

        <DESCENDANTS>
            <LEAF type="cylinder" args="5 0 1 20 20 1 1" />
        </DESCENDANTS>

    </NODE>

    <!-- Tree Branch 5 -->
    <NODE id="tree_branch5">      
        <MATERIAL id="null" />    
        <TEXTURE id="null" />
               
		<TRANSLATION x="4" y="13" z="1.5" />
		<ROTATION axis="y" angle="-111" />
		<ROTATION axis="x" angle="20" />
		<SCALE sx="0.3" sy="0.3" sz="1" />

        <DESCENDANTS>
            <LEAF type="cylinder" args="4 0 1 20 20 1 1" />
        </DESCENDANTS>

    </NODE>

    <!-- Tree Branch 6 -->
    <NODE id="tree_branch6">      
        <MATERIAL id="null" />    
        <TEXTURE id="null" />
               
		<TRANSLATION x="0" y="15" z="-3" />
		<ROTATION axis="x" angle="20" />
		<SCALE sx="0.3" sy="0.3" sz="1" />

        <DESCENDANTS>
            <LEAF type="cylinder" args="3 0 1 20 20 1 1" />
        </DESCENDANTS>

    </NODE>

    <!-- Tree Branch 7 -->
    <NODE id="tree_branch7">      
        <MATERIAL id="null" />    
        <TEXTURE id="null" />
               
		<TRANSLATION x="-1.5" y="17" z="1.5" />
		<ROTATION axis="y" angle="135" />
		<ROTATION axis="x" angle="20" />
		<SCALE sx="0.2" sy="0.2" sz="1" />

        <DESCENDANTS>
            <LEAF type="cylinder" args="2 0 1 20 20 1 1" />
        </DESCENDANTS>

    </NODE>

    <!-- Tree Branch 8 -->
    <NODE id="tree_branch8">      
        <MATERIAL id="null" />    
        <TEXTURE id="null" />
               
		<TRANSLATION x="1" y="19" z="-0.2" />
		<ROTATION axis="y" angle="-80" />
		<ROTATION axis="x" angle="20" />
		<SCALE sx="0.2" sy="0.2" sz="1" />

        <DESCENDANTS>
            <LEAF type="cylinder" args="1 0 1 20 20 1 1" />
        </DESCENDANTS>

    </NODE>

    <!-- Backgrounds -->
    <NODE id="backgrounds">      
        <MATERIAL id="null" />    
        <TEXTURE id="sky" />

        <DESCENDANTS>
            <NODEREF id="background1" />
        </DESCENDANTS>

    </NODE>

	 <!-- Background 1 -->
    <NODE id="background1">      
        <MATERIAL id="null" />    
        <TEXTURE id="null" />

        <DESCENDANTS>
            <NODEREF id="background" />
        </DESCENDANTS>

    </NODE>

    <!-- Generic Background -->
    <NODE id="background">      
        <MATERIAL id="null" />    
        <TEXTURE id="null" />

		<TRANSLATION x="0" y="500" z="0" />
        <ROTATION axis="x" angle="90" />
        <SCALE sx="-1" sy="1" sz="1" />

        <DESCENDANTS>
            <LEAF type="cylinder" args="1000 200 200 20 20 1 1" />
        </DESCENDANTS>

    </NODE>



	
</NODES>